Datasize,AvgAttempts,TheoreticalExpected
2,1,2.0
3,1.36,2.0
4,1.3,2.0
5,1.68,2.0
6,1.42,2.0
7,1.74,2.0
8,1.58,2.0
9,1.7,2.0
10,1.62,2.0
11,1.72,2.0
12,1.46,2.0
13,1.68,2.0
14,1.84,2.0
15,2.02,2.0
16,1.64,2.0
17,2.1,2.0
18,1.54,2.0
19,2.04,2.0
20,1.94,2.0
21,1.84,2.0
22,2.2,2.0
23,1.76,2.0
24,2,2.0
25,1.74,2.0
26,1.66,2.0
27,1.86,2.0
28,1.92,2.0
29,2.32,2.0
30,1.92,2.0
31,2.1,2.0
32,2.1,2.0
33,1.74,2.0
34,1.86,2.0
35,1.82,2.0
36,1.62,2.0
37,2.08,2.0
38,1.98,2.0
39,1.78,2.0
40,1.78,2.0
41,2.16,2.0
42,1.96,2.0
43,1.86,2.0
44,1.78,2.0
45,1.92,2.0
46,1.72,2.0
47,1.76,2.0
48,1.82,2.0
49,2.16,2.0
50,2.14,2.0
51,1.78,2.0
52,1.98,2.0
53,2.02,2.0
54,2.34,2.0
55,1.86,2.0
56,1.78,2.0
57,2.1,2.0
58,1.64,2.0
59,1.78,2.0
60,1.8,2.0
61,1.8,2.0
62,1.72,2.0
63,2.02,2.0
64,1.9,2.0
65,1.92,2.0
66,1.68,2.0
67,1.7,2.0
68,1.76,2.0
69,1.86,2.0
70,1.74,2.0
71,1.84,2.0
72,1.94,2.0
73,2.08,2.0
74,2.08,2.0
75,1.92,2.0
76,2.16,2.0
77,2.3,2.0
78,1.84,2.0
79,1.94,2.0
80,1.94,2.0
81,1.9,2.0
82,2.4,2.0
83,1.74,2.0
84,2.06,2.0
85,1.94,2.0
86,2.06,2.0
87,1.8,2.0
88,2.28,2.0
89,1.94,2.0
90,1.88,2.0
91,1.84,2.0
92,2.06,2.0
93,2.1,2.0
94,2.08,2.0
95,1.44,2.0
96,1.84,2.0
97,1.86,2.0
98,2.2,2.0
99,1.98,2.0
100,1.86,2.0
101,1.7,2.0
102,2.46,2.0
103,2.22,2.0
104,1.7,2.0
105,1.88,2.0
106,2.02,2.0
107,1.8,2.0
108,1.64,2.0
109,1.82,2.0
110,2.26,2.0
111,2.02,2.0
112,1.72,2.0
113,1.82,2.0
114,1.88,2.0
115,1.8,2.0
116,1.78,2.0
117,1.98,2.0
118,2.36,2.0
119,1.72,2.0
120,1.86,2.0
121,1.76,2.0
122,1.82,2.0
123,1.96,2.0
124,1.88,2.0
125,1.78,2.0
126,1.74,2.0
127,2.38,2.0
128,1.76,2.0
129,2.16,2.0
130,2.28,2.0
131,2.08,2.0
132,1.74,2.0
133,1.66,2.0
134,1.82,2.0
135,1.86,2.0
136,2.04,2.0
137,2.5,2.0
138,2.3,2.0
139,1.98,2.0
140,2.1,2.0
141,2.26,2.0
142,2.2,2.0
143,2.02,2.0
144,2.02,2.0
145,1.92,2.0
146,2.1,2.0
147,1.74,2.0
148,1.8,2.0
149,1.7,2.0
150,2,2.0
151,1.9,2.0
152,1.78,2.0
153,2.14,2.0
154,2.02,2.0
155,1.9,2.0
156,2.08,2.0
157,2.02,2.0
158,2.08,2.0
159,1.92,2.0
160,2.28,2.0
161,2.22,2.0
162,1.88,2.0
163,2,2.0
164,1.78,2.0
165,1.96,2.0
166,1.94,2.0
167,2.04,2.0
168,1.7,2.0
169,1.92,2.0
170,1.76,2.0
171,1.94,2.0
172,2,2.0
173,2.52,2.0
174,1.78,2.0
175,1.84,2.0
176,1.76,2.0
177,1.82,2.0
178,2.12,2.0
179,1.98,2.0
180,1.9,2.0
181,2,2.0
182,1.86,2.0
183,1.98,2.0
184,1.9,2.0
185,2.14,2.0
186,2.2,2.0
187,1.74,2.0
188,1.9,2.0
189,1.98,2.0
190,2.08,2.0
191,2.2,2.0
192,1.88,2.0
193,2.14,2.0
194,2.48,2.0
195,2.22,2.0
196,2.04,2.0
197,1.64,2.0
198,2.08,2.0
199,1.84,2.0
200,1.7,2.0
