Datasize,RandQuickComp,QuickComp
1,0,0
2,1,1
3,2,2
4,4,4
5,7,7
6,10,10
7,12,13
8,15,17
9,19,21
10,24,24
11,28,28
12,31,33
13,37,39
14,42,45
15,46,49
16,50,53
17,55,57
18,62,63
19,64,71
20,69,73
21,74,77
22,79,86
23,86,89
24,90,96
25,96,103
26,101,110
27,112,117
28,112,127
29,122,131
30,130,138
31,130,155
32,140,151
33,142,150
34,146,164
35,157,170
36,160,175
37,172,181
38,171,178
39,178,192
40,188,194
41,189,208
42,204,221
43,208,226
44,219,228
45,225,233
46,231,259
47,240,246
48,245,262
49,254,274
50,262,272
51,262,281
52,268,289
53,283,294
54,285,311
55,290,324
56,298,329
57,309,324
58,325,357
59,317,339
60,326,358
61,345,358
62,348,359
63,345,388
64,350,388
65,370,377
66,368,389
67,384,413
68,397,430
69,403,398
70,411,416
71,410,445
72,417,450
73,426,457
74,428,453
75,445,463
76,460,457
77,465,477
78,470,493
79,483,513
80,472,508
81,487,502
82,497,522
83,510,543
84,516,544
85,527,586
86,528,586
87,542,581
88,553,573
89,563,565
90,565,621
91,572,619
92,576,618
93,582,623
94,593,641
95,594,670
96,609,649
97,634,661
98,638,705
99,628,687
100,651,681
101,671,698
102,675,713
103,668,716
104,670,722
105,686,706
106,681,748
107,712,766
108,705,728
109,736,780
110,729,788
111,755,773
112,759,784
113,737,752
114,767,847
115,807,808
116,768,796
117,792,821
118,800,825
119,832,867
120,795,896
121,824,875
122,852,887
123,854,916
124,852,892
125,868,927
126,857,957
127,875,937
128,882,947
129,914,928
130,906,978
131,890,956
132,895,964
133,949,986
134,932,989
135,955,1011
136,939,1001
137,983,1047
138,968,1070
139,1001,1027
140,998,1024
141,997,1056
142,1014,1045
143,1008,1057
144,1048,1095
145,1040,1138
146,1061,1134
147,1049,1095
148,1078,1134
149,1081,1127
150,1052,1164
151,1136,1158
152,1066,1192
153,1094,1171
154,1147,1266
155,1125,1214
156,1176,1190
157,1178,1286
158,1178,1233
159,1180,1244
160,1194,1263
161,1199,1227
162,1214,1296
163,1191,1276
164,1215,1330
165,1230,1335
166,1239,1272
167,1212,1359
168,1272,1346
169,1256,1333
170,1282,1346
171,1262,1390
172,1304,1353
173,1293,1388
174,1316,1410
175,1312,1416
176,1324,1414
177,1355,1415
178,1353,1418
179,1373,1438
180,1346,1491
181,1383,1394
182,1356,1429
183,1392,1527
184,1424,1516
185,1437,1516
186,1424,1528
187,1441,1545
188,1457,1486
189,1440,1546
190,1500,1537
191,1487,1622
192,1469,1571
193,1527,1535
194,1502,1541
195,1488,1611
196,1543,1596
197,1527,1629
198,1548,1668
199,1602,1662
200,1554,1641
201,1567,1684
202,1553,1684
203,1563,1742
204,1610,1655
205,1608,1752
206,1646,1756
207,1654,1731
208,1620,1711
209,1651,1767
210,1621,1692
211,1699,1735
212,1696,1757
213,1714,1759
214,1704,1787
215,1664,1737
216,1721,1774
217,1735,1834
218,1689,1838
219,1745,1855
220,1739,1836
221,1750,1917
222,1760,1904
223,1799,1914
224,1783,1945
225,1841,1930
226,1805,1959
227,1843,1903
228,1859,1951
229,1880,1951
230,1813,1926
231,1859,1927
232,1911,2030
233,1912,1980
234,1876,1996
235,1913,2052
236,1897,2006
237,1925,2042
238,1973,2059
239,1917,2080
240,1964,2089
241,1983,2076
242,1917,2077
243,1974,2069
244,1957,2119
245,1965,2155
246,2035,2123
247,2075,2165
248,2098,2078
249,2008,2194
250,2069,2201
251,2059,2301
252,2020,2177
253,2171,2246
254,2125,2191
255,2085,2231
256,2097,2240
257,2150,2222
258,2159,2302
259,2131,2378
260,2219,2284
261,2179,2327
262,2143,2248
263,2200,2418
264,2200,2390
265,2225,2346
266,2231,2373
267,2169,2411
268,2287,2338
269,2205,2382
270,2237,2394
271,2318,2421
272,2331,2449
273,2321,2475
274,2279,2429
275,2299,2463
276,2312,2507
277,2381,2548
278,2331,2503
279,2343,2554
280,2383,2474
281,2401,2544
282,2361,2636
283,2390,2556
284,2412,2700
285,2420,2481
286,2420,2530
287,2447,2613
288,2461,2631
289,2470,2618
290,2530,2612
291,2488,2668
292,2460,2678
293,2468,2657
294,2560,2617
295,2570,2665
296,2596,2641
297,2539,2636
298,2532,2789
299,2583,2764
300,2602,2785
301,2579,2677
302,2602,2714
303,2579,2735
304,2659,2760
305,2710,2767
306,2557,2852
307,2638,2850
308,2628,2787
309,2653,2875
310,2723,2901
311,2711,2890
312,2716,2894
313,2691,2848
314,2745,2922
315,2727,2973
316,2720,2956
317,2753,2904
318,2750,2932
319,2794,2964
320,2746,2874
321,2812,2960
322,2847,2932
323,2768,3009
324,2841,2994
325,2838,3008
326,2834,2956
327,2883,3080
328,2894,3066
329,2923,3144
330,2876,3006
331,2917,3120
332,2968,3153
333,2892,3196
334,3025,3100
335,2915,3057
336,2950,3188
337,2966,3102
338,2931,3230
339,2995,3149
340,2971,3315
341,3038,3209
342,2997,3174
343,3027,3135
344,3061,3252
345,3054,3274
346,3079,3344
347,3154,3298
348,3061,3365
349,3083,3353
350,3110,3247
351,3171,3285
352,3166,3379
353,3122,3434
354,3140,3324
355,3119,3318
356,3185,3525
357,3158,3350
358,3271,3347
359,3219,3376
360,3220,3468
361,3228,3387
362,3268,3346
363,3316,3374
364,3299,3371
365,3238,3457
366,3376,3571
367,3243,3546
368,3336,3472
369,3439,3511
370,3381,3415
371,3375,3585
372,3340,3588
373,3410,3606
374,3359,3578
375,3350,3564
376,3338,3519
377,3401,3546
378,3399,3649
379,3461,3565
380,3443,3715
381,3445,3710
382,3496,3618
383,3463,3617
384,3531,3785
385,3377,3819
386,3581,3840
387,3507,3774
388,3540,3754
389,3513,3712
390,3515,3786
391,3574,3756
392,3565,3715
393,3648,3825
394,3565,3709
395,3644,3905
396,3651,3834
397,3654,3759
398,3631,3881
399,3594,3912
400,3579,3887
401,3656,3814
402,3762,3791
403,3749,3974
404,3706,3852
405,3715,4025
406,3794,3989
407,3777,3886
408,3832,3877
409,3749,4064
410,3798,3975
411,3782,3909
412,3776,3954
413,3859,4053
414,3898,4065
415,3817,3968
416,3945,3973
417,3735,4153
418,3817,4127
419,3844,4146
420,3805,4054
421,3919,4054
422,3909,4078
423,3922,4133
424,3944,4057
425,3951,4174
426,4017,4213
427,3987,4236
428,3964,4183
429,4009,4430
430,3963,4206
431,3967,4157
432,4013,4278
433,3907,4340
434,4041,4190
435,4053,4306
436,4085,4395
437,4033,4332
438,4063,4310
439,4085,4426
440,4157,4420
441,4218,4372
442,4113,4354
443,4199,4424
444,4210,4372
445,4224,4471
446,4075,4431
447,4218,4380
448,4242,4377
449,4245,4474
450,4274,4385
451,4193,4520
452,4198,4436
453,4244,4538
454,4348,4586
455,4294,4676
456,4305,4495
457,4255,4465
458,4402,4635
459,4335,4552
460,4417,4550
461,4351,4530
462,4381,4546
463,4321,4702
464,4385,4685
465,4406,4738
466,4392,4747
467,4557,4516
468,4454,4785
469,4480,4893
470,4506,4752
471,4525,4651
472,4463,4801
473,4530,4695
474,4467,4784
475,4484,4953
476,4496,4902
477,4513,4829
478,4602,4839
479,4578,4701
480,4652,4724
481,4613,4891
482,4601,4951
483,4606,4865
484,4618,4916
485,4690,4868
486,4592,4842
487,4643,4900
488,4698,5002
489,4648,4888
490,4717,4962
491,4742,5016
492,4742,4819
493,4707,5056
494,4691,5034
495,4753,5169
496,4750,5146
497,4734,5010
498,4768,4990
499,4776,5088
500,4771,5165
501,4865,5164
502,4880,5112
503,4848,5123
504,4763,5105
505,4809,5192
506,4869,5103
507,4932,5331
508,4842,5178
509,4851,5268
510,4933,5172
511,4914,5280
512,4989,5224
513,4971,5211
514,4982,5169
515,4911,5202
516,4952,5329
517,4995,5303
518,5007,5292
519,4947,5386
520,5004,5468
521,5090,5304
522,5056,5389
523,5098,5363
524,5101,5406
525,5093,5295
526,5237,5439
527,5168,5290
528,5224,5420
529,5270,5462
530,5151,5442
531,5184,5495
532,5255,5471
533,5159,5645
534,5220,5435
535,5189,5497
536,5285,5513
537,5169,5480
538,5347,5505
539,5257,5451
540,5322,5594
541,5150,5709
542,5436,5391
543,5341,5517
544,5233,5598
545,5304,5767
546,5364,5667
547,5326,5628
548,5393,5722
549,5373,5840
550,5375,5594
551,5436,5997
552,5399,5711
553,5398,5836
554,5377,5752
555,5386,5940
556,5402,5814
557,5413,5901
558,5448,5687
559,5460,5894
560,5405,5829
561,5526,5697
562,5478,5789
563,5482,5956
564,5537,5768
565,5506,5799
566,5576,5775
567,5632,5965
568,5691,5943
569,5612,5891
570,5605,5981
571,5572,6058
572,5715,5951
573,5735,6135
574,5686,5951
575,5690,6054
576,5903,6099
577,5607,6134
578,5624,6155
579,5720,6137
580,5817,6105
581,5893,6004
582,5830,6082
583,5797,6085
584,5738,5971
585,5960,6050
586,5792,6167
587,5895,6263
588,5867,6096
589,5959,6200
590,5772,6393
591,5789,6318
592,5822,6380
593,5874,6325
594,5939,6137
595,6076,6157
596,5825,6391
597,5808,6370
598,5949,6375
599,6193,6353
600,5944,6362
601,6145,6311
602,5979,6419
603,6049,6318
604,5962,6329
605,5984,6446
606,6083,6470
607,6044,6551
608,6086,6435
609,6026,6311
610,6171,6478
611,5995,6543
612,6176,6573
613,5986,6571
614,6179,6378
615,6172,6378
616,6147,6684
617,6168,6611
618,6161,6503
619,6142,6636
620,6168,6474
621,6280,6477
622,6225,6550
623,6135,6663
624,6260,6524
625,6249,6845
626,6300,6664
627,6267,6467
628,6505,6525
629,6280,6754
630,6396,6794
631,6240,6546
632,6361,6663
633,6444,6596
634,6222,6662
635,6430,6749
636,6431,6763
637,6426,6790
638,6539,6862
639,6603,6789
640,6359,6897
641,6448,6917
642,6467,7005
643,6543,6821
644,6584,6771
645,6567,6825
646,6671,6777
647,6619,7313
648,6681,7084
649,6595,6883
650,6492,7121
651,6659,6804
652,6528,7155
653,6755,6898
654,6638,6896
655,6574,6892
656,6666,7021
657,6555,6893
658,6709,6927
659,6590,6983
660,6803,7215
661,6771,6988
662,6669,7051
663,6705,7048
664,6771,7185
665,6683,7259
666,6806,7238
667,6792,7240
668,6777,7222
669,6863,7086
670,6829,7142
671,6890,7219
672,6780,7440
673,6957,7198
674,6757,7241
675,6881,7332
676,6820,7326
677,6947,7415
678,6851,7258
679,6920,7377
680,7059,7244
681,7064,7414
682,6956,7258
683,7164,7315
684,6950,7359
685,7106,7438
686,6932,7499
687,6973,7485
688,6986,7551
689,7069,7397
690,7114,7594
691,7055,7351
692,7114,7780
693,7166,7392
694,7148,7404
695,7176,7745
696,7145,7445
697,7140,7453
698,7144,7446
699,7096,7503
700,7208,7518
701,7232,7849
702,7119,7573
703,7155,7845
704,7392,7589
705,7273,7783
706,7235,7945
707,7379,7628
708,7383,7773
709,7207,7792
710,7213,7555
711,7415,7754
712,7223,7651
713,7413,7874
714,7566,7794
715,7246,7779
716,7393,7697
717,7461,7915
718,7482,7958
719,7632,7948
720,7372,8060
721,7485,7928
722,7453,8059
723,7552,7868
724,7565,7950
725,7475,7895
726,7496,7761
727,7572,8204
728,7520,8141
729,7559,7837
730,7560,8088
731,7515,8138
732,7740,8160
733,7490,8088
734,7709,8112
735,7671,8282
736,7551,8357
737,7595,7799
738,7604,8157
739,7633,8305
740,7667,8206
741,7687,8084
742,7702,8254
743,7727,8181
744,7765,8274
745,7690,8185
746,7826,8314
747,7748,8362
748,7703,8229
749,7761,8366
750,7937,8268
751,7996,8503
752,7736,8362
753,8171,8413
754,7903,8403
755,7747,8557
756,7808,8286
757,7809,8580
758,7958,8278
759,7986,8371
760,7797,8647
761,7833,8296
762,7782,8240
763,7999,8499
764,7865,8731
765,8070,8817
766,7992,8532
767,7952,8583
768,8106,8410
769,7989,8524
770,8108,8536
771,8056,8757
772,8078,8757
773,8272,8549
774,8079,8465
775,8212,8256
776,8154,8844
777,8031,8859
778,8454,8589
779,8370,8498
780,8218,8608
781,8205,8671
782,8308,8869
783,8138,8637
784,8283,8734
785,8142,8684
786,8100,9001
787,8317,8799
788,8347,8589
789,8365,8582
790,8209,8900
791,8293,8843
792,8287,8894
793,8223,8959
794,8407,8807
795,8458,8931
796,8302,8782
797,8571,9092
798,8548,8974
799,8397,8944
800,8467,8917
801,8449,8982
802,8436,8930
803,8462,8963
804,8494,8983
805,8403,8962
806,8517,9086
807,8575,9043
808,8641,8857
809,8510,8961
810,8622,9146
811,8440,9046
812,8594,8939
813,8442,9264
814,8562,9168
815,8614,8999
816,8629,9191
817,8678,8973
818,8694,9128
819,8693,9358
820,8718,9060
821,8870,9291
822,8893,9279
823,8884,9103
824,8805,9234
825,8645,9305
826,8782,9374
827,8704,9283
828,8805,9171
829,8597,9371
830,8850,9209
831,8852,9532
832,8794,9634
833,8950,9364
834,9009,9577
835,8773,9227
836,8851,9522
837,8897,9920
838,8947,9584
839,8791,9517
840,8927,9572
841,9142,9445
842,9055,9528
843,9080,9333
844,9013,9562
845,9071,9312
846,9080,9320
847,8934,9572
848,9011,9463
849,8977,9314
850,8913,9480
851,9085,9599
852,9139,9827
853,9096,9508
854,8999,9744
855,9193,9502
856,9126,9679
857,9120,9830
858,9326,9526
859,9222,9710
860,9303,9758
861,9077,9688
862,9389,9570
863,9178,9626
864,9391,9847
865,9167,9706
866,9324,9688
867,9323,9694
868,9121,9934
869,9428,9597
870,9209,10136
871,9349,9903
872,9368,9790
873,9290,9832
874,9406,10223
875,9235,9985
876,9541,9935
877,9296,9891
878,9516,9799
879,9613,9992
880,9418,9919
881,9353,9993
882,9440,9856
883,9407,10081
884,9567,9986
885,9599,10184
886,9564,9893
887,9489,10018
888,9560,10243
889,9504,10144
890,9656,10440
891,9493,10244
892,9605,10368
893,9768,10543
894,9640,9900
895,9798,9995
896,9607,10182
897,9628,10337
898,9812,10281
899,9687,10152
900,9576,10465
901,9847,10195
902,9763,10162
903,9725,10045
904,9684,10279
905,9803,10511
906,9849,10360
907,9774,10531
908,9807,10457
909,9855,10573
910,9914,10486
911,9983,10373
912,9907,10207
913,10118,10474
914,10026,10435
915,9973,10436
916,9973,10624
917,10070,10424
918,9965,10367
919,10025,10572
920,9858,10493
921,10037,10732
922,10160,10565
923,9923,10677
924,10103,10678
925,9993,10691
926,10143,10663
927,9912,10293
928,9954,10541
929,10086,10764
930,10241,10623
931,9905,10536
932,10054,10704
933,10208,10564
934,10076,10388
935,10352,10640
936,10099,10581
937,10144,10577
938,10363,10616
939,10017,10569
940,10321,10589
941,10221,10486
942,10233,10910
943,10192,10689
944,10367,10948
945,10459,11008
946,10277,10888
947,10301,10706
948,10412,10743
949,10395,10680
950,10356,11185
951,10678,10983
952,10387,10781
953,10438,10974
954,10558,11210
955,10288,10969
956,10535,11070
957,10486,10955
958,10487,10815
959,10395,11084
960,10576,11154
961,10443,10932
962,10398,11077
963,10561,11014
964,10537,11188
965,10632,11721
966,10740,10989
967,10703,11018
968,10633,11461
969,10654,11109
970,10496,11291
971,10733,11569
972,10662,11126
973,10457,11155
974,10754,11337
975,10583,11354
976,10591,11223
977,10713,11610
978,10670,11474
979,10712,11403
980,10780,11083
981,10648,11369
982,10734,11311
983,10563,11564
984,10918,11502
985,10893,11535
986,10967,11632
987,10744,11279
988,10795,11539
989,10898,11503
990,10768,11441
991,11013,11588
992,10825,11490
993,10816,11514
994,10947,11378
995,10743,11384
996,11006,11782
997,11050,11731
998,11027,11533
999,10882,11414
1000,11064,11507
