InputSize,Comp(InsertionSort),Comp(QuickSort)
5,7.68,7.88
6,11.16,10.68
7,15.08,13.6
8,17.48,17.68
9,23.16,21.32
10,29.36,24.84
11,35.72,28.88
12,45.24,32.12
13,50.28,37.16
14,55.72,41.2
15,67.16,45.96
16,69.88,52.72
17,78.8,56.48
18,90.88,61.08
19,99.72,62.8
20,108.92,67.84
21,123.32,77.4
22,128.4,84.36
23,140.44,86.72
24,150.68,90.76
25,171.44,103.08
26,183.52,104.16
27,198.76,111.92
28,213.04,117.6
29,230.8,117.48
30,245.24,131.52
31,253.8,138.64
32,264.04,146.16
33,281.32,141.32
34,303.08,150.44
35,321.16,161.8
36,350.52,164.12
37,364.72,174.64
38,373.36,190.84
39,409.92,189.52
40,406.48,191.84
41,442.04,200.52
42,473.28,201.52
43,474.96,211.72
44,528.2,233.0
45,525.48,221.64
46,564.56,233.32
47,600.68,232.16
48,621.8,238.88
49,630.8,259.56
50,674.16,264.56
51,681.76,268.0
52,733.36,275.12
53,735.08,277.76
54,765.36,283.52
55,779.2,295.96
56,827.72,300.28
57,836.68,305.88
58,883.68,326.2
59,898.4,323.6
60,956.4,326.08
61,964.04,321.48
62,1003.6,349.76
63,1017.36,350.04
64,1065.76,361.04
65,1096.68,367.64
66,1168.16,374.6
67,1177.72,395.92
68,1191.52,378.68
69,1203.84,400.96
70,1301.44,417.36
71,1326.16,412.88
72,1314.96,419.72
73,1355.36,449.52
74,1377.76,455.0
75,1481.0,440.6
76,1478.28,461.64
77,1548.88,457.76
78,1596.12,484.2
79,1574.0,469.56
80,1664.52,476.68
81,1655.68,478.24
82,1739.6,507.88
83,1768.44,499.4
84,1760.52,529.8
85,1819.0,526.2
86,1875.68,522.6
87,1916.56,553.28
88,1983.44,549.8
89,1998.88,569.2
90,2059.6,562.56
91,2147.44,565.96
92,2213.28,586.16
93,2261.2,576.76
94,2243.92,604.36
95,2322.12,605.64
96,2320.4,619.48
97,2398.36,619.88
98,2434.44,649.4
99,2505.4,626.96
100,2536.12,652.76
