InputSize,Comp(QuickSort),Comp(HybridQuickSort)
10,24.6,28.92
11,28.24,33.92
12,31.48,40.52
13,37.08,40.36
14,41.72,45.56
15,46.28,49.76
16,52.24,55.44
17,57.0,64.36
18,63.4,67.76
19,67.84,74.68
20,71.32,81.28
21,76.04,80.2
22,80.52,85.12
23,85.76,94.4
24,93.16,101.8
25,96.04,101.8
26,103.36,112.28
27,110.48,118.04
28,118.56,126.84
29,126.76,136.64
30,134.4,141.6
31,133.84,138.4
32,139.76,149.88
33,142.2,152.44
34,145.72,155.32
35,160.84,169.92
36,166.16,174.52
37,170.44,184.52
38,175.88,189.36
39,177.28,192.2
40,193.8,206.52
41,201.36,211.04
42,199.92,215.24
43,218.12,231.36
44,218.0,231.68
45,222.16,233.32
46,235.56,249.28
47,248.04,259.04
48,242.52,251.8
49,254.0,263.88
50,259.68,272.28
51,264.52,276.32
52,270.64,281.76
53,279.88,295.08
54,283.16,300.2
55,295.52,310.56
56,303.24,315.84
57,322.12,338.12
58,307.44,323.88
59,321.08,336.2
60,333.36,349.92
61,333.36,346.24
62,342.2,354.64
63,359.2,374.6
64,356.64,372.4
65,363.88,379.2
66,373.44,387.76
67,392.88,408.92
68,385.12,398.08
69,401.68,417.32
70,413.72,431.8
71,423.76,437.8
72,418.2,432.6
73,432.04,446.48
74,432.68,450.12
75,441.6,455.4
76,460.2,475.04
77,465.08,481.8
78,476.44,493.4
79,462.76,477.88
80,515.28,534.4
81,493.96,515.8
82,504.12,519.28
83,514.6,533.24
84,507.88,528.8
85,522.52,542.2
86,548.24,572.2
87,546.04,564.32
88,558.32,581.48
89,578.24,597.04
90,578.24,598.56
91,577.04,592.88
92,584.96,602.04
93,568.8,586.92
94,581.64,594.96
95,603.4,617.92
96,618.72,633.36
97,617.2,633.04
98,625.48,643.24
99,658.4,670.12
100,650.04,671.6
