InputSize, Comp(ISort), Comp(QSort)
10, 38, 48
11, 37, 51
12, 47, 64
13, 50, 78
14, 72, 77
15, 86, 79
16, 71, 94
17, 87, 117
18, 109, 107
19, 97, 129
20, 109, 137
21, 153, 143
22, 149, 163
23, 157, 145
24, 141, 156
25, 179, 155
26, 150, 213
27, 176, 172
28, 261, 211
29, 306, 196
30, 314, 221
31, 339, 223
32, 345, 249
33, 370, 242
34, 364, 273
35, 403, 253
36, 372, 283
37, 399, 291
38, 438, 338
39, 508, 275
40, 458, 319
41, 530, 332
42, 467, 331
43, 509, 323
44, 576, 322
45, 572, 344
46, 659, 344
47, 605, 385
48, 639, 404
49, 731, 366
50, 832, 376
51, 736, 426
52, 806, 454
53, 875, 454
54, 761, 442
55, 777, 448
56, 1163, 424
57, 912, 460
58, 1062, 587
59, 992, 492
60, 1127, 513
61, 1111, 500
62, 1128, 548
63, 1401, 575
64, 1286, 565
65, 1072, 547
66, 1156, 563
67, 1200, 574
68, 1260, 651
69, 1370, 597
70, 1431, 787
71, 1447, 619
72, 1559, 702
73, 1731, 637
74, 1525, 639
75, 1602, 660
76, 1742, 741
77, 1613, 704
78, 1639, 735
79, 1994, 676
80, 1743, 813
81, 1890, 679
82, 2061, 790
83, 1939, 727
84, 2012, 803
85, 2282, 795
86, 2146, 758
87, 2219, 804
88, 1933, 816
89, 2398, 923
90, 2498, 938
91, 2574, 896
92, 2334, 896
93, 2186, 867
94, 2594, 934
95, 2765, 877
96, 2761, 900
97, 2927, 920
98, 2718, 926
99, 3175, 902
100, 2862, 931
101, 2987, 979
102, 2950, 989
103, 2832, 988
104, 3084, 1052
105, 3239, 1095
106, 3385, 938
107, 3438, 1043
108, 3452, 1068
109, 3561, 1039
110, 3494, 1037
111, 3632, 1131
112, 2878, 1153
113, 3781, 1110
114, 3759, 1210
115, 3548, 1042
116, 4002, 1247
117, 3533, 1233
118, 4593, 1178
119, 4035, 1184
120, 4441, 1165
121, 4608, 1155
122, 4540, 1335
123, 4519, 1297
124, 4452, 1380
125, 4716, 1241
126, 4903, 1281
127, 4759, 1206
128, 4405, 1191
129, 4911, 1322
130, 4644, 1418
131, 5102, 1495
132, 4969, 1321
133, 5607, 1403
134, 5051, 1283
135, 5761, 1447
136, 5725, 1406
137, 5689, 1334
138, 5732, 1345
139, 5856, 1425
140, 5344, 1405
141, 5900, 1534
142, 5854, 1348
143, 6068, 1389
144, 6148, 1471
145, 5848, 1545
146, 5978, 1480
147, 6453, 1535
148, 6102, 1562
149, 6234, 1654
150, 6625, 1777
151, 6421, 1540
152, 6968, 1533
153, 7179, 1584
154, 6662, 1612
155, 7371, 1613
156, 6726, 1608
157, 7001, 1576
158, 6782, 1872
159, 7772, 1800
160, 7593, 1853
161, 7738, 1523
162, 7687, 1627
163, 8222, 1737
164, 8074, 1744
165, 7991, 1774
166, 8049, 1595
167, 8529, 1817
168, 7765, 1872
169, 8802, 1703
170, 8435, 1854
171, 8624, 1694
172, 8529, 1751
173, 9451, 2014
174, 8453, 1788
175, 8704, 2060
176, 9082, 2030
177, 9017, 2036
178, 8713, 1840
179, 8250, 1898
180, 9633, 2044
181, 9903, 1980
182, 9421, 2164
183, 10429, 1980
184, 9372, 1808
185, 10017, 1885
186, 10650, 1916
187, 10077, 1915
188, 9925, 1987
189, 9724, 2105
190, 10488, 2028
191, 10587, 2028
192, 9683, 1986
193, 11215, 2001
194, 10963, 2236
195, 12127, 2011
196, 10294, 2190
197, 11431, 2369
198, 11326, 2194
199, 11646, 2378
200, 11809, 2104
201, 11129, 2196
202, 11481, 2066
203, 11817, 2173
204, 12669, 2288
205, 12236, 2198
206, 13002, 2234
207, 11549, 2328
208, 12535, 2173
209, 13115, 2467
210, 12782, 2381
211, 12872, 2220
212, 12581, 2408
213, 14104, 2601
214, 13287, 2300
215, 13912, 2213
216, 12883, 2615
217, 12695, 2312
218, 13304, 2563
219, 15013, 2491
220, 14294, 2427
221, 15850, 2638
222, 12692, 2353
223, 15128, 2446
224, 14533, 2603
225, 14431, 2590
226, 14542, 2903
227, 14686, 2515
228, 15726, 2424
229, 15538, 2385
230, 15203, 2655
231, 15264, 2488
232, 15537, 2774
233, 17076, 2745
234, 15562, 3000
235, 16932, 2691
236, 17319, 2550
237, 15756, 2790
238, 16602, 2655
239, 16798, 2639
240, 17093, 2621
241, 16986, 3377
242, 17801, 2894
243, 16507, 3173
244, 16182, 3140
245, 16369, 2739
246, 17628, 2779
247, 17669, 2639
248, 18425, 3190
249, 17414, 2872
250, 19566, 3049
251, 17450, 2756
252, 18179, 2937
253, 18072, 2719
254, 19889, 2943
255, 19369, 3239
256, 19717, 3193
257, 18799, 2811
258, 19846, 2893
259, 19353, 2959
260, 18818, 2866
261, 20668, 3051
262, 20607, 3284
263, 21150, 3009
264, 21290, 2911
265, 22365, 3097
266, 20037, 3059
267, 19403, 3083
268, 19895, 2920
269, 21069, 2997
270, 19106, 3338
271, 20114, 3208
272, 20700, 3603
273, 22598, 3119
274, 21851, 3310
275, 21921, 3412
276, 22857, 3492
277, 23326, 3221
278, 22685, 3134
279, 22171, 3431
280, 23063, 3494
281, 23787, 3424
282, 21640, 3509
283, 23301, 3173
284, 23794, 3519
285, 23048, 3360
286, 23817, 3108
287, 23439, 3341
288, 23698, 3614
289, 24647, 3391
290, 22742, 3758
291, 25080, 3270
292, 24495, 3980
293, 25663, 3569
294, 25256, 3374
295, 24434, 3412
296, 26896, 3476
297, 25954, 3208
298, 23821, 3340
299, 26403, 3413
300, 26552, 3480
301, 26463, 3402
302, 25968, 3686
303, 25227, 3670
304, 25946, 3459
305, 28121, 3435
306, 26985, 3966
307, 26507, 3908
308, 27446, 3774
309, 29393, 3761
310, 27291, 3607
311, 27412, 3458
312, 27921, 3638
313, 29473, 3701
314, 28678, 3468
315, 29906, 3699
316, 30219, 3517
317, 29174, 3740
318, 30485, 3744
319, 28384, 3930
320, 29680, 4269
321, 31115, 4254
322, 29339, 3658
323, 31129, 4036
324, 31558, 4157
325, 29734, 3805
326, 30121, 3833
327, 31953, 3867
328, 29702, 3740
329, 30354, 3891
330, 31322, 4086
331, 30521, 4123
332, 32167, 3689
333, 31727, 3995
334, 30047, 3794
335, 33561, 3929
336, 33055, 4009
337, 33043, 4338
338, 32603, 4168
339, 32650, 4125
340, 35197, 4087
341, 34041, 4669
342, 34808, 4049
343, 34365, 3923
344, 34471, 4331
345, 33918, 3988
346, 34310, 4314
347, 33204, 4078
348, 35010, 4004
349, 33928, 4611
350, 36085, 4576
351, 35939, 4493
352, 36748, 4183
353, 35828, 4889
354, 35041, 4551
355, 38477, 4341
356, 35887, 4082
357, 36344, 4492
358, 35934, 4870
359, 36877, 4353
360, 36606, 4869
361, 40129, 4326
362, 37225, 4700
363, 41002, 4876
364, 37942, 4306
365, 40395, 4925
366, 38163, 4329
367, 41039, 4625
368, 36069, 4552
369, 40166, 4302
370, 38876, 4957
371, 42247, 4706
372, 41239, 4362
373, 41695, 4463
374, 40446, 4592
375, 40595, 4441
376, 42047, 4783
377, 40434, 4746
378, 40293, 5113
379, 42025, 4530
380, 41984, 4885
381, 40995, 4500
382, 42607, 4417
383, 42463, 4755
384, 43172, 4860
385, 44136, 4582
386, 43963, 4665
387, 43557, 4511
388, 43268, 5149
389, 42636, 4657
390, 43177, 4638
391, 44891, 4810
392, 44675, 4986
393, 43318, 5163
394, 46755, 4701
395, 43026, 4581
396, 43859, 4574
397, 44753, 4789
398, 46288, 4776
399, 46297, 4647
400, 46225, 5043
401, 48183, 4727
402, 46570, 4828
403, 47738, 5222
404, 47874, 5079
405, 45821, 5487
406, 47221, 5051
407, 49792, 4804
408, 47376, 5182
409, 47079, 5071
410, 46991, 4850
411, 49058, 5174
412, 48575, 5660
413, 50906, 4939
414, 50928, 5188
415, 50951, 5165
416, 52882, 5013
417, 52875, 5298
418, 52392, 5195
419, 54491, 5581
420, 47750, 4871
421, 51416, 5499
422, 49250, 5248
423, 54298, 5383
424, 50948, 5356
425, 50882, 5592
426, 49743, 5073
427, 53632, 5354
428, 53865, 5073
429, 52835, 5374
430, 54856, 5121
431, 51209, 6044
432, 55433, 5428
433, 55495, 5271
434, 57604, 5415
435, 53338, 5786
436, 54364, 5329
437, 55843, 5150
438, 54695, 5136
439, 54912, 5461
440, 55813, 5587
441, 55229, 5286
442, 54102, 5612
443, 54476, 6155
444, 58817, 5400
445, 54508, 5219
446, 57469, 5561
447, 57878, 5757
448, 56770, 6288
449, 57853, 5742
450, 60269, 5949
451, 57776, 5511
452, 59222, 5792
453, 58796, 5641
454, 60214, 5904
455, 59001, 5284
456, 58589, 5706
457, 61346, 5337
458, 61232, 5661
459, 60639, 5551
460, 60520, 6104
461, 62304, 5810
462, 61791, 5830
463, 63007, 5499
464, 58107, 5825
465, 60997, 6456
466, 63530, 6151
467, 63726, 5864
468, 62782, 6118
469, 65573, 5891
470, 62767, 5729
471, 66593, 6578
472, 61069, 5612
473, 64344, 6100
474, 65188, 6295
475, 63362, 6417
476, 64413, 6184
477, 64252, 5726
478, 64301, 6343
479, 64454, 6127
480, 64974, 6266
481, 65352, 6285
482, 68074, 6015
483, 65250, 5815
484, 69191, 6080
485, 69232, 6082
486, 69143, 6199
487, 64737, 6252
488, 72997, 6920
489, 71972, 6753
490, 66942, 6194
491, 71264, 6623
492, 68069, 6259
493, 73797, 6742
494, 70876, 6933
495, 72936, 6047
496, 72068, 6371
497, 68101, 6220
498, 72091, 6004
499, 71684, 6355
500, 72018, 6801
501, 72928, 6432
502, 70571, 6912
503, 70164, 6251
504, 71989, 6656
505, 74458, 6968
506, 73292, 6613
507, 71923, 6625
508, 73891, 6520
509, 75534, 6373
510, 73977, 6639
511, 74888, 6394
512, 76481, 6505
513, 75099, 6804
514, 76252, 6354
515, 78555, 6885
516, 76691, 7419
517, 75269, 6223
518, 80021, 6738
519, 79089, 6421
520, 80273, 6605
521, 76649, 6684
522, 77650, 6875
523, 79619, 6492
524, 77925, 7930
525, 79061, 6511
526, 80861, 6703
527, 79914, 6757
528, 80095, 7102
529, 77679, 7010
530, 81123, 7343
531, 83237, 7003
532, 78088, 6605
533, 79020, 6674
534, 82236, 6851
535, 82124, 6733
536, 86947, 6529
537, 81566, 7050
538, 81188, 7227
539, 86663, 7811
540, 86104, 7195
541, 81258, 6975
542, 87116, 6788
543, 85229, 7121
544, 88778, 6712
545, 86158, 7101
546, 86599, 6774
547, 86975, 7037
548, 92600, 7376
549, 85652, 6788
550, 90448, 7062
551, 88949, 6823
552, 90913, 7151
553, 84393, 6919
554, 85837, 6991
555, 89222, 7186
556, 88298, 7692
557, 91284, 7813
558, 88595, 7547
559, 93294, 7166
560, 95479, 7714
561, 89794, 6930
562, 88275, 7635
563, 91890, 7451
564, 91731, 7286
565, 95684, 6979
566, 95450, 7167
567, 94857, 7228
568, 92175, 7149
569, 94194, 7397
570, 96128, 7795
571, 93754, 7515
572, 92717, 7291
573, 93821, 7562
574, 97197, 7809
575, 94038, 7183
576, 94334, 7534
577, 97408, 7760
578, 97540, 7781
579, 99530, 7563
580, 97443, 7078
581, 94990, 7434
582, 100603, 7754
583, 97045, 7230
584, 97354, 7583
585, 97711, 7137
586, 97515, 7846
587, 99959, 7659
588, 98985, 7948
589, 102290, 8443
590, 100057, 7317
591, 99434, 7358
592, 104513, 7818
593, 97594, 7903
594, 95803, 7456
595, 96803, 7911
596, 98928, 7777
597, 103784, 7805
598, 101209, 7920
599, 101362, 7537
600, 104299, 8163
601, 101781, 7602
602, 103998, 8161
603, 101099, 8763
604, 105612, 7847
605, 102041, 7881
606, 105173, 8166
607, 110288, 7678
608, 110295, 8788
609, 105527, 7569
610, 107861, 8053
611, 113640, 8388
612, 104701, 7510
613, 108769, 8066
614, 104333, 8454
615, 114006, 7886
616, 108650, 8275
617, 107454, 9144
618, 106759, 7763
619, 109872, 8308
620, 105518, 8425
621, 111194, 8174
622, 113495, 8127
623, 111438, 8137
624, 107682, 8540
625, 113393, 8266
626, 115913, 8481
627, 114901, 7923
628, 115625, 8083
629, 114876, 7695
630, 111539, 9032
631, 116268, 7920
632, 119082, 8115
633, 112428, 9149
634, 120770, 8186
635, 121130, 8687
636, 115393, 8168
637, 118862, 8205
638, 114329, 8504
639, 121113, 8485
640, 117114, 9243
641, 117840, 9789
642, 117282, 8403
643, 120226, 8221
644, 124634, 9910
645, 117094, 8281
646, 123873, 8580
647, 119859, 9310
648, 119525, 8917
649, 121232, 8420
650, 122167, 8640
651, 120773, 8218
652, 122704, 8826
653, 125221, 8947
654, 126375, 8197
655, 123785, 9263
656, 124939, 9395
657, 120942, 8778
658, 126729, 9365
659, 125823, 8242
660, 132189, 8303
661, 124257, 8459
662, 125687, 8764
663, 126384, 8756
664, 123403, 8471
665, 128935, 8812
666, 126677, 9644
667, 131790, 8897
668, 130284, 9300
669, 123790, 9106
670, 130503, 8379
671, 133104, 8993
672, 131975, 9944
673, 127326, 9841
674, 128790, 9330
675, 137162, 9096
676, 132224, 8804
677, 135067, 8457
678, 131493, 9407
679, 131181, 9158
680, 130981, 8671
681, 133217, 9071
682, 129954, 9046
683, 128050, 9261
684, 134504, 9527
685, 133916, 9247
686, 129714, 9086
687, 134690, 9465
688, 145230, 10294
689, 128292, 9841
690, 135715, 8919
691, 136311, 9002
692, 133410, 9020
693, 140466, 9029
694, 138769, 9146
695, 141380, 9171
696, 141130, 9266
697, 143608, 9322
698, 136987, 8779
699, 140385, 8859
700, 139862, 9916
701, 147324, 10005
702, 141006, 8973
703, 145028, 9230
704, 142112, 9193
705, 142734, 10912
706, 140730, 9086
707, 142226, 9596
708, 139877, 9230
709, 145740, 9923
710, 144808, 9347
711, 151282, 9304
712, 148288, 9312
713, 147019, 9143
714, 150683, 10588
715, 153982, 11336
716, 150797, 9288
717, 153430, 9345
718, 152870, 9498
719, 151318, 8988
720, 151507, 9874
721, 153670, 9286
722, 148776, 9745
723, 155014, 9802
724, 153234, 10576
725, 152104, 9787
726, 144850, 10190
727, 152154, 9979
728, 150150, 9711
729, 149373, 9905
730, 147768, 10176
731, 154043, 9594
732, 153197, 9955
733, 159894, 9796
734, 157105, 9575
735, 153050, 10898
736, 158736, 10084
737, 157769, 9661
738, 154058, 9814
739, 160853, 9977
740, 152876, 10262
741, 157857, 9593
742, 154735, 10040
743, 163880, 9877
744, 155918, 11268
745, 155246, 11258
746, 163005, 10332
747, 161971, 10247
748, 163821, 10497
749, 163865, 10126
750, 163455, 10979
751, 164141, 11614
752, 155650, 9641
753, 157829, 9499
754, 165756, 10885
755, 160840, 10382
756, 164946, 10617
757, 166487, 10495
758, 160753, 10928
759, 164025, 9960
760, 166834, 10402
761, 165612, 10757
762, 166989, 11176
763, 170425, 11007
764, 171589, 10307
765, 168884, 10555
766, 168997, 10156
767, 166544, 10735
768, 168819, 10854
769, 172121, 10242
770, 175319, 10681
771, 169027, 10353
772, 168880, 10412
773, 175908, 10807
774, 174978, 10268
775, 171211, 10226
776, 177351, 9919
777, 171937, 11237
778, 178503, 10661
779, 167365, 10495
780, 174401, 10575
781, 171993, 11828
782, 174144, 11152
783, 177875, 11972
784, 168142, 10924
785, 174652, 11505
786, 180311, 11005
787, 180658, 10485
788, 179707, 10773
789, 179780, 10249
790, 178121, 10891
791, 178666, 10962
792, 177452, 10316
793, 176017, 10307
794, 187010, 10513
795, 176927, 11337
796, 186955, 10629
797, 178872, 10331
798, 181896, 10602
799, 180479, 10270
800, 178567, 10920
801, 187540, 10888
802, 184440, 10563
803, 189744, 10777
804, 192760, 10860
805, 188318, 10916
806, 183814, 10458
807, 188331, 11949
808, 186804, 10931
809, 191995, 11071
810, 177368, 10985
811, 188120, 11069
812, 185333, 10619
813, 187641, 11079
814, 185461, 11548
815, 198780, 11635
816, 197307, 11419
817, 196912, 11833
818, 194759, 11565
819, 194997, 10601
820, 191282, 10983
821, 192660, 10818
822, 190845, 10945
823, 193347, 10689
824, 189574, 12219
825, 193813, 13057
826, 198158, 11489
827, 200938, 11256
828, 200815, 12252
829, 195877, 10759
830, 200047, 11539
831, 197312, 11713
832, 200217, 13095
833, 199723, 11461
834, 197485, 11876
835, 201112, 11512
836, 207270, 11603
837, 201663, 10569
838, 200469, 11790
839, 198885, 12472
840, 212068, 10785
841, 204182, 12778
842, 204088, 11603
843, 202771, 11441
844, 208087, 12098
845, 216525, 11672
846, 206569, 10700
847, 201096, 11294
848, 205844, 11817
849, 206127, 12559
850, 207423, 11140
851, 218644, 11811
852, 209944, 12202
853, 206725, 12751
854, 197991, 11857
855, 209687, 11671
856, 205928, 11694
857, 214856, 12786
858, 217093, 11268
859, 213811, 11271
860, 214946, 11823
861, 221060, 12450
862, 212710, 11157
863, 207003, 11878
864, 214949, 11635
865, 209989, 11345
866, 218678, 12273
867, 215927, 12426
868, 216916, 11601
869, 213240, 12297
870, 225954, 11672
871, 213604, 11403
872, 219404, 13819
873, 224615, 13102
874, 222475, 12023
875, 217919, 13314
876, 217751, 11855
877, 223399, 12293
878, 225984, 11944
879, 221340, 11612
880, 220969, 12232
881, 216641, 11942
882, 219071, 12685
883, 226103, 11461
884, 226968, 14653
885, 222382, 12399
886, 224293, 12487
887, 222719, 11783
888, 227454, 13292
889, 228789, 12047
890, 225971, 11782
891, 235685, 11913
892, 226076, 13143
893, 225499, 12185
894, 233132, 13849
895, 226650, 12033
896, 238647, 12927
897, 236471, 12583
898, 231997, 12717
899, 227055, 11654
900, 227066, 13019
901, 228775, 12581
902, 236653, 12904
903, 230612, 12038
904, 236894, 12300
905, 230682, 12674
906, 237233, 13732
907, 241668, 12704
908, 230570, 12623
909, 240185, 12279
910, 243689, 12567
911, 237859, 12283
912, 244664, 13126
913, 239932, 12219
914, 244220, 12595
915, 247167, 13182
916, 238245, 13068
917, 240555, 12291
918, 240298, 12214
919, 245774, 13432
920, 253977, 13519
921, 247189, 12609
922, 241764, 12929
923, 255403, 12676
924, 247303, 12828
925, 246607, 13430
926, 250218, 13277
927, 243051, 13723
928, 249422, 13041
929, 242379, 12244
930, 255995, 12544
931, 256136, 12146
932, 246869, 13089
933, 243717, 13451
934, 253371, 12161
935, 248122, 13139
936, 247543, 13519
937, 253118, 12746
938, 253137, 13438
939, 255938, 12888
940, 252475, 13485
941, 252673, 12802
942, 256348, 13118
943, 256026, 12719
944, 256493, 12813
945, 255145, 12463
946, 259018, 13612
947, 256354, 12627
948, 262410, 13405
949, 252431, 12682
950, 264171, 14352
951, 267153, 12914
952, 253288, 12734
953, 277441, 12939
954, 262571, 13273
955, 264840, 13041
956, 253762, 12545
957, 273906, 14210
958, 251835, 13821
959, 268340, 14407
960, 263966, 14425
961, 264447, 13129
962, 263945, 14593
963, 266472, 14070
964, 266002, 13519
965, 262414, 14617
966, 265688, 13070
967, 267430, 13520
968, 275682, 13572
969, 265544, 13516
970, 268697, 13503
971, 272402, 14641
972, 277431, 15021
973, 277456, 14228
974, 281052, 13928
975, 277806, 14477
976, 274236, 14580
977, 271746, 13679
978, 279463, 15571
979, 271479, 14000
980, 280260, 13638
981, 271950, 13288
982, 265831, 14894
983, 271611, 13715
984, 279693, 14066
985, 289271, 13523
986, 278973, 14398
987, 279661, 13621
988, 279112, 14266
989, 291173, 14611
990, 281980, 13799
991, 285000, 14064
992, 279240, 14653
993, 286194, 13405
994, 283175, 13397
995, 288024, 15597
996, 282785, 13948
997, 281418, 14967
998, 288296, 14237
999, 287394, 13383
1000, 276750, 14044
